{
  "1": {
    "timings": [
      9.16874733287841,
      9.16062350012362,
      8.276008083019406
    ],
    "sizes": [
      2970,
      3474,
      2722
    ]
  },
  "5": {
    "timings": [
      3.8868311662226915,
      4.664009790867567,
      8.062053957954049
    ],
    "sizes": [
      3253,
      3691,
      3763
    ]
  },
  "10": {
    "timings": [
      5.577923416625708,
      38.01415233267471,
      4.769505166914314
    ],
    "sizes": [
      2740,
      14769,
      3937
    ]
  },
  "50": {
    "timings": [
      5.338657542131841,
      2.2914327923208475,
      4.732203040737659
    ],
    "sizes": [
      2729,
      2407,
      4398
    ]
  },
  "0": {
    "timings": [
      2.3981233746744692,
      3.9753145831637084,
      2.7278291662223637
    ],
    "sizes": [
      2530,
      3954,
      3072
    ]
  }
}