{
  "0": [
    14.592957682907581,
    15.738917049020529,
    14.448374975472689,
    15.170041006058455,
    14.73491732031107,
    15.357709024101496,
    16.34950004518032,
    16.614666674286127,
    18.14079098403454,
    15.113166999071836,
    14.403166715055704,
    21.854166872799397,
    15.45304199680686,
    16.70112507417798,
    15.433750115334988,
    14.809665735810995,
    14.575291890650988,
    14.708583243191242,
    15.398957766592503,
    15.516667161136866,
    15.046459157019854,
    14.531041961163282,
    15.100083779543638,
    15.300082974135876,
    16.01366698741913,
    17.41550024598837,
    16.50108303874731,
    17.305666115134954,
    18.64175032824278,
    18.48487462848425,
    19.098542165011168,
    18.417167011648417,
    20.44829074293375,
    19.611458759754896,
    23.118749726563692,
    20.26354195550084,
    20.650917198508978,
    19.557457882910967,
    20.296666771173477,
    21.39912499114871,
    20.65658289939165,
    20.14420786872506,
    20.319833885878325,
    21.817374974489212,
    16.211874783039093,
    14.335749670863152,
    16.18116721510887,
    15.392708126455545,
    15.588332898914814,
    17.09224982187152
  ],
  "10": [
    18594.69141671434,
    7624.250249937177,
    10817.708082962781,
    4859.095666091889,
    6622.265666723251,
    2078.0300409533083,
    2864.3324999138713,
    2610.9957923181355,
    2882.6600001193583,
    2777.467790991068,
    1522.4159159697592,
    1483.2458752207458,
    1549.4370837695897,
    1541.1127083934844,
    1457.3244997300208,
    1593.1879160925746,
    1773.7498749047518,
    1538.4548329748213,
    538.2966659963131,
    822.0187909901142,
    753.9878329262137,
    1084.002582821995,
    764.1091668047011,
    664.1603326424956,
    720.2067081816494,
    820.9378751926124,
    786.989042069763,
    744.3151660263538,
    809.0087501332164,
    768.8065418042243,
    725.9101248346269,
    784.8765421658754,
    787.8204579465091,
    748.0991249904037,
    30.123792123049498,
    409.41241662949324,
    373.9918330684304,
    374.66000020504,
    391.48874999955297,
    406.3395420089364,
    372.71929206326604,
    352.7639997191727,
    416.9663330540061,
    407.7755408361554,
    350.1592921093106,
    420.203666202724,
    392.93533423915505,
    415.6437497586012,
    338.5071656666696,
    53.96262463182211
  ],
  "25": [
    41.29258403554559,
    44.005250092595816,
    42.659041937440634,
    44.606458861380816,
    47.858249861747026,
    47.970958054065704,
    45.64562486484647,
    44.296166859567165,
    47.65199963003397,
    53.150834050029516,
    51.426874939352274,
    49.96266635134816,
    51.47441616281867,
    51.532541401684284,
    52.935624960809946,
    51.687249913811684,
    51.185499876737595,
    51.50587530806661,
    51.84741597622633,
    53.51095786318183,
    51.2839169241488,
    49.634166061878204,
    50.28095794841647,
    49.76624995470047,
    51.24404188245535,
    50.28033256530762,
    50.158875063061714,
    47.348333057016134,
    48.72695775702596,
    50.097625236958265,
    51.970332860946655,
    53.3700417727232,
    56.24991608783603,
    54.73354225978255,
    54.861582815647125,
    55.78920803964138,
    53.86770889163017,
    51.72612518072128,
    51.70900002121925,
    51.30024999380112,
    55.64208282157779,
    52.96345893293619,
    52.88950027897954,
    48.086332622915506,
    46.940207947045565,
    47.51304117962718,
    48.947999719530344,
    44.278624933212996,
    42.14537516236305,
    43.75695809721947
  ],
  "50": [
    74.62729094550014,
    81.17262460291386,
    81.71937521547079,
    86.10945800319314,
    82.41666574031115,
    86.88579220324755,
    89.23554187640548,
    78.11858272179961,
    74.47666674852371,
    81.03404240682721,
    79.81087500229478,
    85.49550035968423,
    80.61704086139798,
    84.34162475168705,
    85.0435420870781,
    88.33733294159174,
    87.60695904493332,
    89.3854582682252,
    90.9091248176992,
    87.94820820912719,
    88.6332499794662,
    70.17429126426578,
    66.84804195538163,
    69.81279095634818,
    75.08033327758312,
    77.69079180434346,
    79.6796246431768,
    81.07920782640576,
    84.60170915350318,
    82.60570792481303,
    86.22908312827349,
    90.93141602352262,
    80.9067920781672,
    88.68020819500089,
    90.43437521904707,
    77.60520791634917,
    76.96200022473931,
    83.0466253682971,
    84.90587491542101,
    81.46966714411974,
    81.24700002372265,
    88.19620916619897,
    82.8606253489852,
    84.84170818701386,
    90.8133340999484,
    91.2637091241777,
    84.56733264029026,
    86.14162495359778,
    78.53512512519956,
    96.22137481346726
  ],
  "75": [
    108.24829107150435,
    103.30074978992343,
    95.52291687577963,
    95.29541712254286,
    95.766416285187,
    99.74350035190582,
    102.56916657090187,
    108.96579129621387,
    108.27866615727544,
    108.81741717457771,
    115.45841628685594,
    112.53262497484684,
    115.68670766428113,
    115.67587498575449,
    114.38675038516521,
    107.87345794960856,
    110.16912525519729,
    113.55337500572205,
    115.01120822504163,
    116.05525016784668,
    112.40783426910639,
    107.979416847229,
    111.93129094317555,
    115.71762524545193,
    115.1649160310626,
    114.10662485286593,
    111.2604159861803,
    110.00745883211493,
    118.29787492752075,
    116.41841661185026,
    115.25470810011029,
    117.68462508916855,
    107.94683266431093,
    109.18958391994238,
    29.77675013244152,
    26.013624854385853,
    19.176041707396507,
    17.17379130423069,
    15.282250009477139,
    17.006167210638523,
    16.97212504222989,
    15.229499898850918,
    15.970416832715273,
    16.220832709223032,
    16.8762500397861,
    16.83920808136463,
    16.31700014695525,
    16.09954098239541,
    15.96825011074543,
    16.362834256142378
  ],
  "100": [
    125.93995779752731,
    125.86783431470394,
    137.74462509900331,
    135.7677076011896,
    135.4189575649798,
    133.1589580513537,
    134.71779227256775,
    136.86662539839745,
    138.6576252989471,
    141.5332080796361,
    131.0204998590052,
    136.38404104858637,
    136.2359169870615,
    134.07745817676187,
    135.09891601279378,
    136.8727502413094,
    132.38329207524657,
    137.76058424264193,
    131.6885002888739,
    133.37737461552024,
    132.78820784762502,
    117.07279179245234,
    121.85929203405976,
    130.8965003117919,
    136.56245777383447,
    138.21762520819902,
    142.08595780655742,
    141.1526659503579,
    139.55050008371472,
    132.71025009453297,
    134.08729201182723,
    133.33450024947524,
    136.7029999382794,
    132.2948751039803,
    136.1596672795713,
    135.42329100891948,
    135.02070773392916,
    141.27854211255908,
    141.7034580372274,
    140.31433267518878,
    142.42208283394575,
    138.19141732528806,
    141.914916690439,
    133.80508311092854,
    130.78925013542175,
    131.15995889529586,
    132.984499912709,
    136.08591677621007,
    133.6597497574985,
    132.83541705459356
  ]
}