{
  "1B": {
    "timings": [
      7.664772791787982,
      9.344622999895364,
      4.731575957965106
    ],
    "json_ok": [
      true,
      true,
      true
    ]
  },
  "2B": {
    "timings": [
      3.006854834035039,
      3.215475667268038,
      4.169550792314112
    ],
    "json_ok": [
      true,
      true,
      true
    ]
  },
  "4B": {
    "timings": [
      2.792547875083983,
      1.7438494157977402,
      1.98603391693905
    ],
    "json_ok": [
      true,
      true,
      true
    ]
  },
  "8B": {
    "timings": [
      1.4535200828686357,
      2.6443928331136703,
      3.6833018329925835
    ],
    "json_ok": [
      true,
      true,
      true
    ]
  },
  "16B": {
    "timings": [
      4.902270000427961,
      3.466055332683027,
      2.634312833659351
    ],
    "json_ok": [
      true,
      true,
      true
    ]
  },
  "32B": {
    "timings": [
      2.754389834124595,
      4.531267625279725,
      2.878104208037257
    ],
    "json_ok": [
      true,
      true,
      true
    ]
  },
  "64B": {
    "timings": [
      1.2178790839388967,
      1.5061130421236157,
      1.5708989156410098
    ],
    "json_ok": [
      true,
      true,
      true
    ]
  },
  "1024B": {
    "timings": [
      2.1866881670430303,
      2.7942695831879973,
      3.5651449589058757
    ],
    "json_ok": [
      true,
      true,
      true
    ]
  },
  "baseline": {
    "timings": [
      4.3287234576419,
      2.2795049170963466,
      1.7069290420040488
    ],
    "json_ok": [
      true,
      true,
      true
    ]
  }
}